{
    "pools": [
      {
        "rolls": 1,
        "entries": [
          {
            "type": "minecraft:item",
            "name": "minecraft:carrot_on_a_stick",
            "functions": [
              {
                "function": "minecraft:set_nbt",
                "tag": "{jump_rod:1b,sniper_battle:1b}"
              },
              {
                "function": "minecraft:set_name",
                "entity": "this",
                "name": {
                  "text": "ジャンプロッド",
                  "color": "white",
                  "bold": false,
                  "italic": false
                }
              },
              {
                "function": "minecraft:set_lore",
                "entity": "this",
                "lore": [
                  {
                    "text": "右クリックで高くジャンプできる",
                    "color": "gray",
                    "bold": false,
                    "italic": false
                  },
                  {
                    "text": "しかし使用後少し動けなくなる",
                    "color": "gray",
                    "bold": false,
                    "italic": false
                  }
                ]
              }
            ]
          }
        ]
      }
    ]
  }
  