{
    "pools": [
      {
        "rolls": 1,
        "entries": [
          {
            "type": "minecraft:item",
            "name": "minecraft:spyglass",
            "functions": [
              {
                "function": "minecraft:set_nbt",
                "tag": "{sniper:1b,sniper_battle:1b}"
              },
              {
                "function": "minecraft:set_name",
                "entity": "this",
                "name": {
                  "text": "スナイパーライフル",
                  "color": "gold",
                  "bold": true,
                  "italic": false
                }
              },
              {
                "function": "minecraft:set_lore",
                "entity": "this",
                "lore": [
                  {
                    "text": "左手に持つことで撃つことができる",
                    "color": "gray",
                    "italic": false
                  }
                ]
              }
            ]
          }
        ]
      }
    ]
  }
  