{
    "criteria": {
      "requirement": {
        "trigger": "minecraft:player_hurt_entity",
        "conditions": {
          "damage": {
            "source_entity": {
              "type": "minecraft:player"
            },
            "type": {
              "tags": [
                {
                  "id": "minecraft:bypasses_armor",
                  "expected": false
                },
                {
                  "id": "minecraft:bypasses_enchantments",
                  "expected": false
                },
                {
                  "id": "minecraft:bypasses_resistance",
                  "expected": false
                }
              ],
              "direct_entity": {
                "type": "minecraft:arrow"
              }
            }
          }
        }
      }
    },
    "rewards": {
      "function": "batoris:game/batoris/hit_phe"
    }
  }
  