{
    "criteria": {
      "requirement": {
        "trigger": "minecraft:entity_hurt_player",
        "conditions": {
          "player": {
            "type": "minecraft:player"
          },
          "damage": {
            "type": {
              "tags": [
                {
                  "id": "minecraft:bypasses_armor",
                  "expected": false
                },
                {
                  "id": "minecraft:bypasses_enchantments",
                  "expected": false
                },
                {
                  "id": "minecraft:bypasses_resistance",
                  "expected": false
                }
              ],
              "direct_entity": {
                "type": "minecraft:arrow"
              }
            }
          }
        }
      }
    },
    "rewards": {
      "function": "batoris:game/batoris/hit_ehp"
    }
  }
  