{
  "pools": [
    {
      "rolls": 1,
      "entries": [
        {
          "type": "minecraft:item",
          "name": "minecraft:firework_star",
          "functions": [
            {
              "function": "minecraft:set_nbt",
              "tag": "{HideFlags:32,ability:5b,ability_jewel:1b}"
            },
            {
              "function": "minecraft:set_name",
              "entity": "this",
              "name": {
                "text": "宝珠【搭乗】",
                "color": "green",
                "italic": false
              }
            },
            {
              "function": "minecraft:set_lore",
              "entity": "this",
              "lore": [
                {
                  "text": "Qキーで使用",
                  "color": "gray",
                  "italic": false
                },
                {
                  "text": "使い捨ての宝珠、使うと込められた能力が使えるようになる。",
                  "color": "aqua",
                  "italic": false
                },
                {
                  "text": "左手に弓を持って打つことで矢に乗って移動することができる。",
                  "color": "white",
                  "italic": false
                },
                {
                  "text": "Cooltime:40秒",
                  "color": "aqua",
                  "italic": false
                }
              ]
            }
          ]
        }
      ]
    }
  ]
}
