{
    "pools": [
      {
        "rolls": 1,
        "entries": [
          {
            "type": "minecraft:item",
            "name": "minecraft:firework_star",
            "functions": [
              {
                "function": "minecraft:set_nbt",
                "tag": "{HideFlags:32,ability:4b,ability_jewel:1b}"
              },
              {
                "function": "minecraft:set_name",
                "entity": "this",
                "name": {
                  "text": "宝珠【医者】",
                  "color": "green",
                  "italic": false
                }
              },
              {
                "function": "minecraft:set_lore",
                "entity": "this",
                "lore": [
                  {
                    "text": "Qキーで使用",
                    "color": "gray",
                    "italic": false
                  },
                  {
                    "text": "==================================================",
                    "color": "green",
                    "italic": false
                  },
                  {
                    "text": "使い捨ての宝珠、使うと込められた能力が",
                    "color": "aqua",
                    "italic": false
                  },
                  {
                    "text": "使えるようになる。",
                    "color": "aqua",
                    "italic": false
                  },
                  {
                    "text": "回復薬を飲むときの回復量が2倍になる。",
                    "color": "aqua",
                    "italic": false
                  },
                  {
                    "text": "Cooltime:無し",
                    "color": "aqua",
                    "italic": false
                  },
                  {
                    "text": "==================================================",
                    "color": "green",
                    "italic": false
                  }
                ]
              }
            ]
          }
        ]
      }
    ]
  }
  