{
  "pools": [
    {
      "rolls": 1,
      "entries": [
        {
          "type": "minecraft:item",
          "name": "minecraft:iron_nugget",
          "functions": [
            {
              "function": "minecraft:set_nbt",
              "tag": "{ammunition:1b,sniper_battle:1b,normal:1b}"
            },
            {
              "function": "minecraft:set_name",
              "entity": "this",
              "name": {
                "text": "通常弾",
                "color": "gold",
                "bold": false,
                "italic": false
              }
            },
            {
              "function": "minecraft:set_lore",
              "entity": "this",
              "lore": [
                {
                  "text": "スナイパーライフルを撃つのに必要",
                  "color": "gray",
                  "italic": false
                },
                {
                  "text": "===============",
                  "color": "white",
                  "italic": false
                },
                {
                  "text": "胴体:10.0 damage",
                  "color": "aqua",
                  "italic": false
                },
                {
                  "text": "頭:18.0 damage",
                  "color": "aqua",
                  "italic": false
                },
                {
                  "text": "===============",
                  "color": "white",
                  "italic": false
                }
              ]
            }
          ]
        }
      ]
    }
  ]
}
