{
    "pools": [
      {
        "rolls": 1,
        "entries": [
          {
            "type": "minecraft:item",
            "name": "minecraft:iron_nugget",
            "functions": [
              {
                "function": "minecraft:set_nbt",
                "tag": "{ammunition:1b,glowing:1b}"
              },
              {
                "function": "minecraft:set_name",
                "entity": "this",
                "name": {
                  "text": "特殊弾【発光】",
                  "color": "gold",
                  "bold": false,
                  "italic": false
                }
              },
              {
                "function": "minecraft:set_lore",
                "entity": "this",
                "lore": [
                  {
                    "text": "スナイパーライフルを撃つのに必要",
                    "color": "gray",
                    "italic": false
                  },
                  {
                    "text": "ダメージが少ないが当てたエンティティを発光させる",
                    "color": "gray",
                    "italic": false
                  }
                ]
              },
              {
                "function": "minecraft:set_count",
                "count": {
                  "type": "minecraft:score",
                  "target": {
                    "type": "minecraft:fixed",
                    "name": "$glowing"
                  },
                  "score": "Znsi.Temp"
                }
              }
            ]
          }
        ]
      }
    ]
  }
  