{
  "pools": [
    {
      "rolls": 1,
      "entries": [
        {
          "type": "minecraft:item",
          "name": "minecraft:iron_nugget",
          "functions": [
            {
              "function": "minecraft:set_nbt",
              "tag": "{ammunition:1b,tp:1b}"
            },
            {
              "function": "minecraft:set_name",
              "entity": "this",
              "name": {
                "text": "特殊弾【転移】",
                "color": "gold",
                "bold": false,
                "italic": false
              }
            },
            {
              "function": "minecraft:set_lore",
              "entity": "this",
              "lore": [
                {
                  "text": "スナイパーライフルを撃つのに必要",
                  "color": "gray",
                  "italic": false
                },
                {
                  "text": "着弾点にテレポートする、プレイヤーに当てた場合は",
                  "color": "gray",
                  "italic": false
                },
                {
                  "text": "テレポートしない",
                  "color": "gray",
                  "italic": false
                }
              ]
            }
          ]
        }
      ]
    }
  ]
}
