{
    "pools": [
      {
        "rolls": 1,
        "entries": [
          {
            "type": "minecraft:item",
            "name": "minecraft:potion",
            "functions": [
              {
                "function": "minecraft:set_name",
                "entity": "this",
                "name": {
                  "text": "回復薬",
                  "color": "light_purple",
                  "italic": false
                }
              },
              {
                "function": "minecraft:set_nbt",
                "tag": "{HideFlags:32,CustomPotionColor:16711680}"
              }
            ]
          }
        ]
      }
    ]
  }
  