{
  "display": {
    "icon": {
      "id": "minecraft:copper_block",
      "count": 1
    },
    "title": {
      "text": "まだ始まりに過ぎない",
      "color": "white",
      "italic": false
    },
    "description": {
      "text": "325個アイテムを納品する",
      "color": "green",
      "italic": false
    },
    "background": "minecraft:textures/block/quartz_block_top.png",
    "frame": "task",
    "show_toast": true,
    "announce_to_chat": true,
    "hidden": false
  },
  "parent": "all_collect_items:first",
  "criteria": {
    "requirement": {
      "trigger": "minecraft:impossible"
    }
  }
}
