{
    "display": {
      "icon": {
        "id": "minecraft:chest",
        "count": 1
      },
      "title": {
        "text": "全アイテム集め",
        "color": "white",
        "italic": false
      },
      "description": {
        "text": "初めてアイテムを納品する",
        "color": "green",
        "italic": false
      },
      "background": "minecraft:textures/block/quartz_block_top.png",
      "frame": "task",
      "show_toast": true,
      "announce_to_chat": true,
      "hidden": false
    },
    "criteria": {
      "requirement": {
        "trigger": "minecraft:impossible"
      }
    }
  }
  