{
    "display": {
      "icon": {
        "id": "minecraft:diamond_block",
        "count": 1
      },
      "title": {
        "text": "全アイテム収集完了",
        "color": "white",
        "italic": false
      },
      "description": {
        "text": "1301個のアイテムをすべて納品する",
        "color": "green",
        "italic": false
      },
      "background": "minecraft:textures/block/quartz_block_top.png",
      "frame": "goal",
      "show_toast": true,
      "announce_to_chat": true,
      "hidden": false
    },
    "parent": "all_collect_items:75percent",
    "criteria": {
      "requirement": {
        "trigger": "minecraft:impossible"
      }
    }
  }
  