{
    "display": {
      "icon": {
        "id": "minecraft:silence_armor_trim_smithing_template",
        "count": 1
      },
      "title": {
        "text": "ラストワン",
        "color": "white",
        "bold": false,
        "italic": false
      },
      "description": {
        "text": "最後の１個を納品する",
        "color": "green",
        "bold": false,
        "italic": false
      },
      "background": "minecraft:textures/block/quartz_block_top.png",
      "frame": "challenge",
      "show_toast": true,
      "announce_to_chat": true,
      "hidden": true
    },
    "parent": "all_collect_items:75percent",
    "criteria": {
      "requirement": {
        "trigger": "minecraft:impossible"
      }
    }
  }
  